cohort,mode,criterion,fold,n,n_pred_AD,bal_acc,degenerate,direction,mean_prob,positive_rate,oe,ece,aece,mce,brier
oasis,clinical,auc,1,73,44,0.6947368421052631,False,working,0.5332403683090863,0.5205479452054794,0.023703218502142447,0.08672661222007176,0.15421558304192265,0.47429484128952026,0.19257221157870408
oasis,clinical,auc,2,73,20,0.6533834586466165,False,working,0.4810505987030186,0.5205479452054794,0.016218420966857595,0.10950850909703395,0.19667034075684742,0.27193568646907806,0.23572897556442435
oasis,clinical,auc,3,73,71,0.5294117647058824,False,working,0.5448111838673892,0.5342465753424658,0.006716488105503959,0.016565697242135944,0.2268373153797567,0.4951280802488327,0.2407296862294879
oasis,clinical,auc,4,73,31,0.7322775263951735,False,working,0.46645988523960114,0.5342465753424658,0.00663283241816463,0.11519490141574648,0.1895647977721201,0.25263494650522866,0.1761573879317451
oasis,clinical,auc,5,73,32,0.7726244343891402,False,working,0.4956190737142955,0.5342465753424658,0.018060528787641535,0.149284496291043,0.16530993989069165,0.20121991175871634,0.17405440552991483
oasis,clinical,auc_minus_ece,1,73,44,0.6947368421052631,False,working,0.5355900121878271,0.5205479452054794,0.02993562002602504,0.12449261219534158,0.14302833153776925,0.28468388319015503,0.20488398190675358
oasis,clinical,auc_minus_ece,2,73,32,0.7289473684210527,False,working,0.4857522420687218,0.5205479452054794,0.013280942506873656,0.10874866704418235,0.16246910781076507,0.17999561266465625,0.20477070548570217
oasis,clinical,auc_minus_ece,3,73,71,0.5294117647058824,False,working,0.5448111838673892,0.5342465753424658,0.006716488105503959,0.016565697242135944,0.2268373153797567,0.4951280802488327,0.2407296862294879
oasis,clinical,auc_minus_ece,4,73,32,0.7450980392156863,False,working,0.46383122099588997,0.5342465753424658,0.01651822572762468,0.1536598638312457,0.1857541546429673,0.23165356485467203,0.16771533412890674
oasis,clinical,auc_minus_ece,5,73,17,0.6628959276018099,False,working,0.4732300430944521,0.5342465753424658,0.010986184298802729,0.10881129315454667,0.20363030000908736,0.3646303310113794,0.23867355595777356
oasis,clinical,gated_bacc,1,73,44,0.6947368421052631,False,working,0.5332403683090863,0.5205479452054794,0.023703218502142447,0.08672661222007176,0.15421558304192265,0.47429484128952026,0.19257221157870408
oasis,clinical,gated_bacc,2,73,20,0.6533834586466165,False,working,0.4810505987030186,0.5205479452054794,0.016218420966857595,0.10950850909703395,0.19667034075684742,0.27193568646907806,0.23572897556442435
oasis,clinical,gated_bacc,3,73,60,0.5810708898944194,False,working,0.540947871257181,0.5342465753424658,0.015820088826735815,0.05796775058524256,0.2036349344743441,0.1815707844037276,0.23686012829657344
oasis,clinical,gated_bacc,4,73,31,0.7322775263951735,False,working,0.46645988523960114,0.5342465753424658,0.00663283241816463,0.11519490141574648,0.1895647977721201,0.25263494650522866,0.1761573879317451
oasis,clinical,gated_bacc,5,73,32,0.7726244343891402,False,working,0.4956190737142955,0.5342465753424658,0.018060528787641535,0.149284496291043,0.16530993989069165,0.20121991175871634,0.17405440552991483
oasis,clinical,neg_brier,1,73,44,0.6947368421052631,False,working,0.5360034108161926,0.5205479452054794,0.028631784797637398,0.09430098125379378,0.15363112786044816,0.4783969223499298,0.19195928546335328
oasis,clinical,neg_brier,2,73,32,0.7289473684210527,False,working,0.4857522420687218,0.5205479452054794,0.013280942506873656,0.10874866704418235,0.16246910781076507,0.17999561266465625,0.20477070548570217
oasis,clinical,neg_brier,3,73,42,0.7356711915535445,False,working,0.5177190254812372,0.5342465753424658,0.022811993220940123,0.13136297872621716,0.16897138504132833,0.299138605594635,0.21185972849533313
oasis,clinical,neg_brier,4,73,32,0.7450980392156863,False,working,0.46383122099588997,0.5342465753424658,0.01651822572762468,0.1536598638312457,0.1857541546429673,0.23165356485467203,0.16771533412890674
oasis,clinical,neg_brier,5,73,32,0.7726244343891402,False,working,0.4946418678107327,0.5342465753424658,0.014901645118820897,0.135096596936657,0.16743317573037866,0.1903506471560552,0.17106146213424114
oasis,imaging,auc,1,73,61,0.643984962406015,False,working,0.6651670814376988,0.5205479452054794,0.09248773850584839,0.17453316588924359,0.16233394039820315,0.37025585025548935,0.20683456522224708
oasis,imaging,auc,2,73,0,0.5,True,all_CN,0.04072000014863602,0.5205479452054794,0.0,0.4798279450568434,0.4798279450568434,0.4798279450568434,0.47531682937613523
oasis,imaging,auc,3,73,25,0.7104072398190044,False,working,0.3792065822914855,0.5342465753424658,0.0003574131613422233,0.16328257322311399,0.18477244960935146,0.5383070011933644,0.19807158303320502
oasis,imaging,auc,4,73,30,0.7194570135746606,False,working,0.4390954159404317,0.5342465753424658,0.023064300381624433,0.1744858442410214,0.17401884807503387,0.6748110592365265,0.18224989690203122
oasis,imaging,auc,5,73,33,0.7854449472096531,False,working,0.4595143532201852,0.5342465753424658,0.022268827611322387,0.1348636691802985,0.1283526098585292,0.43011238177617384,0.1605295183456564
oasis,imaging,auc_minus_ece,1,73,41,0.737593984962406,False,working,0.5657378400433554,0.5205479452054794,0.07868051064083688,0.16702705764607206,0.18110284882865538,0.5148727893829346,0.20214615615591092
oasis,imaging,auc_minus_ece,2,73,55,0.674812030075188,False,working,0.739944275621682,0.5205479452054794,0.17689980221359,0.23744380463884301,0.26350148808057994,0.7537165681521097,0.23464317060105383
oasis,imaging,auc_minus_ece,3,73,37,0.7816742081447964,False,working,0.49005285063630916,0.5342465753424658,0.02373042707176525,0.11053873123983812,0.10540861376140215,0.6398934523264568,0.14093005079893794
oasis,imaging,auc_minus_ece,4,73,30,0.7194570135746606,False,working,0.4390954159404317,0.5342465753424658,0.023064300381624433,0.1744858442410214,0.17401884807503387,0.6748110592365265,0.18224989690203122
oasis,imaging,auc_minus_ece,5,73,66,0.6029411764705882,False,working,0.6535609095063928,0.5342465753424658,0.10038420898067679,0.23722055840165646,0.23483324214203716,0.5508777764108446,0.20197482896618849
oasis,imaging,gated_bacc,1,73,61,0.643984962406015,False,working,0.6651670814376988,0.5205479452054794,0.09248773850584839,0.17453316588924359,0.16233394039820315,0.37025585025548935,0.20683456522224708
oasis,imaging,gated_bacc,2,73,21,0.6390977443609023,False,working,0.29420264038474186,0.5205479452054794,0.02215175197769355,0.276519784435936,0.264365661289696,0.7615565359592438,0.2667863073332222
oasis,imaging,gated_bacc,3,73,25,0.7104072398190044,False,working,0.3792065822914855,0.5342465753424658,0.0003574131613422233,0.16328257322311399,0.18477244960935146,0.5383070011933644,0.19807158303320502
oasis,imaging,gated_bacc,4,73,30,0.7194570135746606,False,working,0.4390954159404317,0.5342465753424658,0.023064300381624433,0.1744858442410214,0.17401884807503387,0.6748110592365265,0.18224989690203122
oasis,imaging,gated_bacc,5,73,33,0.7854449472096531,False,working,0.4595143532201852,0.5342465753424658,0.022268827611322387,0.1348636691802985,0.1283526098585292,0.43011238177617384,0.1605295183456564
oasis,imaging,neg_brier,1,73,39,0.7112781954887217,False,working,0.563075687225959,0.5205479452054794,0.093853970257464,0.18291395387216786,0.1889619119465351,0.7325800061225891,0.2128837318174999
oasis,imaging,neg_brier,2,73,41,0.7924812030075188,False,working,0.49977815120595775,0.5205479452054794,0.008680927521994808,0.07860013852788975,0.1287280840620603,0.16094174981117249,0.15908877879971023
oasis,imaging,neg_brier,3,73,37,0.7816742081447964,False,working,0.49005285063630916,0.5342465753424658,0.02373042707176525,0.11053873123983812,0.10540861376140215,0.6398934523264568,0.14093005079893794
oasis,imaging,neg_brier,4,73,30,0.7194570135746606,False,working,0.4390954159404317,0.5342465753424658,0.023064300381624433,0.1744858442410214,0.17401884807503387,0.6748110592365265,0.18224989690203122
oasis,imaging,neg_brier,5,73,33,0.7854449472096531,False,working,0.4595143532201852,0.5342465753424658,0.022268827611322387,0.1348636691802985,0.1283526098585292,0.43011238177617384,0.1605295183456564
oasis,fusion,auc,1,73,18,0.7093984962406015,False,working,0.28046426462800533,0.5205479452054794,0.0019176050731215257,0.2510416817991701,0.27232722509397217,0.5546381274859111,0.238427095700601
oasis,fusion,auc,2,73,4,0.5526315789473684,False,working,0.11003084126094433,0.5205479452054794,0.0,0.4105171039445351,0.42661553363583676,0.8605084576540523,0.3701359136565357
oasis,fusion,auc,3,73,41,0.7503770739064857,False,working,0.5450415654133444,0.5342465753424658,0.018209750013303622,0.09910419971159058,0.11961935746343166,0.19114961226781213,0.17233661193418018
oasis,fusion,auc,4,73,0,0.5,True,all_CN,0.04829021173286928,0.5342465753424658,0.0,0.48595636360959643,0.4990206609594903,0.8696828201413155,0.474069512286552
oasis,fusion,auc,5,73,66,0.6029411764705882,False,working,0.8340349325986758,0.5342465753424658,0.2375984341306978,0.29978835725621,0.3100680780329116,0.7632274031639099,0.27396042168234574
oasis,fusion,auc_minus_ece,1,73,37,0.7398496240601504,False,working,0.49378604902439327,0.5205479452054794,0.10281293122275248,0.2405890489558447,0.20422832694619075,0.762175902724266,0.23124975123174185
oasis,fusion,auc_minus_ece,2,73,49,0.7605263157894737,False,working,0.6217378799943891,0.5205479452054794,0.0837391801458581,0.14848983578690111,0.17602027712823595,0.649799625078837,0.17876239872022393
oasis,fusion,auc_minus_ece,3,73,39,0.807315233785822,False,working,0.5366088371366671,0.5342465753424658,0.01858885759241799,0.07402067468182683,0.0936318794137811,0.2430748840173086,0.13178429032067437
oasis,fusion,auc_minus_ece,4,73,53,0.7390648567119156,False,working,0.6395066800999315,0.5342465753424658,0.05506150698896206,0.11948535744458028,0.14542133881621164,0.33338227442332674,0.17247141348866296
oasis,fusion,auc_minus_ece,5,73,62,0.6617647058823529,False,working,0.701241086198859,0.5342465753424658,0.0942897927807898,0.1687003108736587,0.24598282779732794,0.47756890275261615,0.19841913403685782
oasis,fusion,gated_bacc,1,73,18,0.7093984962406015,False,working,0.28046426462800533,0.5205479452054794,0.0019176050731215257,0.2510416817991701,0.27232722509397217,0.5546381274859111,0.238427095700601
oasis,fusion,gated_bacc,2,73,49,0.7605263157894737,False,working,0.6217378799943891,0.5205479452054794,0.0837391801458581,0.14848983578690111,0.17602027712823595,0.649799625078837,0.17876239872022393
oasis,fusion,gated_bacc,3,73,41,0.7503770739064857,False,working,0.5450415654133444,0.5342465753424658,0.018209750013303622,0.09910419971159058,0.11961935746343166,0.19114961226781213,0.17233661193418018
oasis,fusion,gated_bacc,4,73,53,0.7390648567119156,False,working,0.6395066800999315,0.5342465753424658,0.05506150698896206,0.11948535744458028,0.14542133881621164,0.33338227442332674,0.17247141348866296
oasis,fusion,gated_bacc,5,73,28,0.748868778280543,False,working,0.36736048115034625,0.5342465753424658,0.014940597435590596,0.20322098276794773,0.2036110217848869,0.8856176640838385,0.20422532472811442
oasis,fusion,neg_brier,1,73,37,0.7398496240601504,False,working,0.49378604902439327,0.5205479452054794,0.10281293122275248,0.2405890489558447,0.20422832694619075,0.762175902724266,0.23124975123174185
oasis,fusion,neg_brier,2,73,49,0.7605263157894737,False,working,0.6217378799943891,0.5205479452054794,0.0837391801458581,0.14848983578690111,0.17602027712823595,0.649799625078837,0.17876239872022393
oasis,fusion,neg_brier,3,73,39,0.8623680241327301,False,working,0.5231898456097466,0.5342465753424658,0.02335934536514722,0.08745729632369459,0.13747254468194425,0.47418808937072754,0.1254343329778156
oasis,fusion,neg_brier,4,73,35,0.7285067873303167,False,working,0.4994847552008825,0.5342465753424658,0.03963735808069819,0.13797266965043056,0.1441623321543001,0.5185145139694214,0.17411272051847324
oasis,fusion,neg_brier,5,73,62,0.6617647058823529,False,working,0.701241086198859,0.5342465753424658,0.0942897927807898,0.1687003108736587,0.24598282779732794,0.47756890275261615,0.19841913403685782
adni,clinical,auc,1,1287,548,0.7412461937033171,False,working,0.4792086479963956,0.33644133644133645,0.05981608993290397,0.14494818187352754,0.14644714995419783,0.2270692425994246,0.19243794647742413
adni,clinical,auc,2,1287,339,0.6878498683007825,False,working,0.4805395807882752,0.33644133644133645,0.08144027796275984,0.2085136342808176,0.20941164540799903,0.2393520505242207,0.22835494137077764
adni,clinical,auc,3,1287,1227,0.5125060170586995,False,working,0.5405611430802082,0.33644133644133645,0.11017729609987663,0.20411980663887178,0.24049932373616706,0.2805848941206932,0.25586520810154517
adni,clinical,auc,4,1287,454,0.7040499537565377,False,working,0.44206761183809107,0.33644133644133645,0.04163186337103075,0.1056262753967546,0.10562627539675462,0.14667052401436698,0.18691910716941035
adni,clinical,auc,5,1287,501,0.6904541053918255,False,working,0.4724247062632347,0.33644133644133645,0.05975805147300267,0.14552225801216695,0.15086453173544023,0.2273888203293778,0.20007721761197395
adni,clinical,neg_brier,1,1287,552,0.7441249168428967,False,working,0.4807702274334551,0.33644133644133645,0.0607556792126447,0.1452807469732,0.14481510854128635,0.22154787907529408,0.19229366843971019
adni,clinical,neg_brier,2,1287,493,0.7247215927221985,False,working,0.4735561784099217,0.33644133644133645,0.05456211531271133,0.1440465308337964,0.15878056736537072,0.2963780462741852,0.2000127074795067
adni,clinical,neg_brier,3,1287,621,0.7367908659696794,False,working,0.4949254821739923,0.33644133644133645,0.07061816813921856,0.17291010711298682,0.18738099335234762,0.2813489078481992,0.20905596154349834
adni,clinical,neg_brier,4,1287,474,0.7132229259401486,False,working,0.43334722582601076,0.33644133644133645,0.042968419007675875,0.09690588938467429,0.09690588938467432,0.11775670108729841,0.18197347249571802
adni,clinical,neg_brier,5,1287,505,0.693332828531405,False,working,0.46994506143375064,0.33644133644133645,0.05657521545211297,0.13536548593661168,0.14939501793605,0.20274418592453006,0.19800223498753178
adni,imaging,auc,1,1287,1024,0.626137832560806,False,working,0.6256670298484656,0.33644133644133645,0.16814542783201336,0.2915564500947469,0.29262166938627976,0.3827851529016435,0.2541204197154894
adni,imaging,auc,2,1287,0,0.5,True,all_CN,0.04130826004011597,0.33644133644133645,0.0,0.2951330764012204,0.2951330764012205,0.8660151572788464,0.30383811640589226
adni,imaging,auc,3,1287,486,0.7166384518446003,False,working,0.4080957087580326,0.33644133644133645,0.04137180809548461,0.07763445931946295,0.07814296208200479,0.19738141920255575,0.1822754380002458
adni,imaging,auc,4,1287,595,0.6406396201004916,False,working,0.481311770177735,0.33644133644133645,0.14713821823963613,0.21204791340481988,0.21468316245803837,0.5393245082635146,0.26624646779438577
adni,imaging,auc,5,1287,473,0.67900411593858,False,working,0.39309455799959203,0.33644133644133645,0.08852793329393854,0.16632062695173672,0.160238994011929,0.5038599388315044,0.21939176769221125
adni,imaging,neg_brier,1,1287,738,0.72049613015236,False,working,0.5647509655761066,0.33644133644133645,0.17677523914056298,0.23474268427823483,0.23456189621213847,0.4706036010567023,0.24023188094675205
adni,imaging,neg_brier,2,1287,730,0.6677528922446199,False,working,0.5104842204267699,0.33644133644133645,0.09571411981917255,0.18224864152622666,0.18103440563254514,0.3004617289425855,0.21762348811591026
adni,imaging,neg_brier,3,1287,461,0.7817416748246264,False,working,0.40784508177161033,0.33644133644133645,0.03750554036244413,0.08133410541709762,0.08314401987236698,0.24495242158571878,0.15283049223453232
adni,imaging,neg_brier,4,1287,595,0.6406396201004916,False,working,0.481311770177735,0.33644133644133645,0.14713821823963613,0.21204791340481988,0.21468316245803837,0.5393245082635146,0.26624646779438577
adni,imaging,neg_brier,5,1287,473,0.67900411593858,False,working,0.39309455799959203,0.33644133644133645,0.08852793329393854,0.16632062695173672,0.160238994011929,0.5038599388315044,0.21939176769221125
adni,fusion,auc,1,1287,193,0.6758779497109108,False,working,0.2889509601308657,0.33644133644133645,0.002827850839906959,0.08330490720901917,0.0810567546395618,0.2567473096506936,0.15563657143848597
adni,fusion,auc,2,1287,62,0.5663728899730112,False,working,0.09841787240090946,0.33644133644133645,0.0,0.23802346404042696,0.238023464040427,0.6319663282483816,0.23122234515433707
adni,fusion,auc,3,1287,783,0.685448453413092,False,working,0.5418067199714256,0.33644133644133645,0.10409648214154597,0.2105556521637086,0.2247038585855318,0.29004223731601186,0.22058246468982257
adni,fusion,auc,4,1287,2,0.5023094688221709,False,working,0.05423762114094776,0.33644133644133645,0.0,0.2822037153003887,0.2822037153003887,0.7432086050510407,0.29030794747095634
adni,fusion,auc,5,1287,1243,0.5170600515979685,False,working,0.8718389997109713,0.33644133644133645,0.4693338330851188,0.5366174142081189,0.5353976632696349,0.6858275700005264,0.49670142689442986
adni,fusion,neg_brier,1,1287,435,0.8039250152792726,False,working,0.3419200383110816,0.33644133644133645,0.05379984255228188,0.11628960528814039,0.10882224709522086,0.4596073059148567,0.14623278207469462
adni,fusion,neg_brier,2,1287,988,0.6211118983617374,False,working,0.6792495072556611,0.33644133644133645,0.25960684121054467,0.3436839999739594,0.3428081708143247,0.5432259432312583,0.31909342427132315
adni,fusion,neg_brier,3,1287,519,0.7895489775056654,False,working,0.43398368228357154,0.33644133644133645,0.05171761114976174,0.09754234584223509,0.10139757975438074,0.3157418379560113,0.14357431956041625
adni,fusion,neg_brier,4,1287,807,0.660955644136275,False,working,0.600914867531158,0.33644133644133645,0.20593358219433222,0.2644735310898215,0.2644735310898215,0.5292594593112209,0.2826358722597685
adni,fusion,neg_brier,5,1287,1165,0.5505459973714242,False,working,0.7161278220323416,0.33644133644133645,0.2652229544430088,0.37983078505516793,0.37968648559100515,0.5486513222504525,0.33357714684680195
