label,prob_ad
1,0.6652397513389587
0,0.43726861476898193
0,0.6769033074378967
1,0.7222820520401001
0,0.394516259431839
1,0.7277784943580627
1,0.6327820420265198
0,0.36746126413345337
0,0.3686291575431824
0,0.5390655994415283
0,0.527660071849823
0,0.661052405834198
1,0.3890613913536072
1,0.7324734330177307
0,0.521756112575531
1,0.5964404344558716
1,0.5539903044700623
0,0.5128887891769409
1,0.7353888750076294
1,0.5064539313316345
0,0.4718850553035736
1,0.7137481570243835
1,0.5787134170532227
0,0.46857914328575134
1,0.5379365086555481
1,0.3502520024776459
0,0.47203877568244934
1,0.38526734709739685
1,0.6264747381210327
0,0.5254713892936707
0,0.5001060962677002
0,0.5155900716781616
1,0.38155147433280945
0,0.7206326127052307
1,0.6905208826065063
1,0.7481341361999512
0,0.48742812871932983
1,0.4800057113170624
0,0.38130295276641846
1,0.3830384314060211
1,0.7330482006072998
0,0.5907561182975769
1,0.37327295541763306
1,0.678926944732666
1,0.6577534079551697
1,0.6141913533210754
0,0.5286217331886292
0,0.41066840291023254
0,0.441604882478714
1,0.6514293551445007
1,0.6501536965370178
1,0.7006308436393738
0,0.3784380853176117
1,0.5027509331703186
1,0.406040757894516
1,0.4676212668418884
0,0.4700987935066223
1,0.7203596234321594
1,0.7750250697135925
0,0.40695223212242126
1,0.5908177495002747
0,0.5685413479804993
0,0.38486889004707336
1,0.40913575887680054
0,0.5412265062332153
0,0.4183480739593506
1,0.7028974890708923
1,0.4173795282840729
0,0.3781302571296692
0,0.5253379940986633
0,0.4000672996044159
0,0.528167188167572
0,0.3942069411277771
1,0.5820485353469849
0,0.3632517158985138
1,0.49847909808158875
1,0.5881559252738953
1,0.5712004899978638
0,0.46931520104408264
1,0.31357964873313904
1,0.5853872895240784
1,0.5844389796257019
0,0.3166584074497223
1,0.5903433561325073
1,0.4634840190410614
1,0.578589677810669
1,0.5926284193992615
1,0.4960571527481079
0,0.3662812411785126
1,0.5371443033218384
0,0.544884204864502
0,0.5272465348243713
1,0.5579912066459656
0,0.5531572699546814
0,0.4107425808906555
1,0.5896210074424744
0,0.2743953764438629
1,0.6026620864868164
1,0.482786625623703
1,0.5891073346138
0,0.5606063008308411
0,0.49654191732406616
0,0.3345023989677429
0,0.46433958411216736
1,0.5911405682563782
1,0.5294934511184692
1,0.5742485523223877
0,0.4322589039802551
1,0.5618039965629578
0,0.49252402782440186
0,0.5120853781700134
0,0.43859216570854187
1,0.5751684904098511
0,0.5551439523696899
1,0.5718894600868225
0,0.42715466022491455
0,0.4500980079174042
1,0.5903688669204712
1,0.5826321244239807
1,0.5523508787155151
1,0.5708634257316589
0,0.5661129951477051
0,0.4856974184513092
1,0.5232325792312622
1,0.5316037535667419
0,0.5833511352539062
1,0.5855397582054138
0,0.47070130705833435
1,0.5365538597106934
0,0.5471339821815491
1,0.5806816816329956
0,0.37047478556632996
1,0.5613034963607788
1,0.570946216583252
1,0.4114297330379486
1,0.585843026638031
0,0.4583421051502228
1,0.4411432445049286
0,0.5030568242073059
0,0.5968928337097168
0,0.3791467845439911
0,0.48342379927635193
0,0.5405076146125793
0,0.5558208227157593
0,0.48904696106910706
0,0.5973416566848755
0,0.4228806495666504
1,0.5066094398498535
1,0.5962271094322205
0,0.6004552841186523
1,0.5683183073997498
1,0.5315583944320679
1,0.5157798528671265
0,0.516502857208252
1,0.5770996809005737
1,0.5070440173149109
0,0.502692461013794
1,0.45542314648628235
1,0.5639097690582275
1,0.4995999336242676
1,0.621795117855072
1,0.552511990070343
1,0.49932461977005005
1,0.4020596146583557
0,0.4818710386753082
0,0.4043254256248474
1,0.4675278067588806
0,0.537907063961029
0,0.5190513730049133
1,0.45571449398994446
0,0.5077101588249207
1,0.506618320941925
0,0.58013916015625
1,0.5387803912162781
0,0.47745779156684875
1,0.6270192861557007
1,0.5273120403289795
1,0.5022212266921997
1,0.5082172155380249
0,0.47005870938301086
0,0.41128671169281006
0,0.4838021397590637
0,0.4938197433948517
0,0.38873106241226196
0,0.5214020609855652
1,0.5191620588302612
0,0.47975510358810425
1,0.5346001982688904
0,0.5259613394737244
1,0.4267531633377075
1,0.47029221057891846
1,0.5732041597366333
1,0.5416452884674072
1,0.5449891686439514
1,0.5924540758132935
1,0.4610394239425659
1,0.4962533116340637
0,0.49306485056877136
1,0.5420315861701965
0,0.4912107586860657
1,0.5423863530158997
1,0.5307610034942627
0,0.5388171076774597
1,0.5791885852813721
1,0.5846219062805176
0,0.6000264286994934
0,0.5030666589736938
0,0.40836992859840393
1,0.5566168427467346
1,0.4315077066421509
0,0.4235629439353943
0,0.5911526679992676
0,0.5307139158248901
0,0.42331352829933167
0,0.5214685201644897
0,0.4705237150192261
0,0.5245218276977539
0,0.4117298722267151
0,0.485715389251709
1,0.5523515343666077
1,0.811896800994873
0,0.17387428879737854
1,0.7592203617095947
0,0.24106977880001068
0,0.1171201765537262
1,0.1570611447095871
1,0.7116426229476929
0,0.725673258304596
1,0.7953230738639832
1,0.8401152491569519
0,0.518865168094635
1,0.6859099864959717
1,0.5652404427528381
1,0.7497122883796692
0,0.12935933470726013
1,0.1360211968421936
1,0.7683725953102112
0,0.10019586980342865
1,0.7591273188591003
1,0.6014929413795471
0,0.5539312958717346
0,0.2982381582260132
0,0.773662269115448
1,0.713820219039917
1,0.09760560095310211
0,0.29951292276382446
1,0.11696292459964752
1,0.7719635367393494
1,0.46406033635139465
0,0.35179582238197327
0,0.11336550861597061
0,0.4233539402484894
1,0.46615874767303467
0,0.12751813232898712
1,0.6332204341888428
1,0.7350248694419861
0,0.11026453971862793
1,0.40810519456863403
0,0.2239970862865448
1,0.7262927293777466
0,0.10107051581144333
0,0.11574877798557281
0,0.12072934955358505
1,0.5084830522537231
1,0.4073808789253235
0,0.10184381902217865
0,0.5882668495178223
0,0.2556426227092743
0,0.10998468846082687
1,0.8110013604164124
1,0.46174755692481995
1,0.849743127822876
1,0.8519237637519836
1,0.7294262647628784
1,0.19010557234287262
0,0.3620939552783966
1,0.831946849822998
0,0.7358937859535217
1,0.7399557828903198
1,0.8047782778739929
1,0.49386975169181824
1,0.4169192910194397
1,0.769514262676239
0,0.41401156783103943
1,0.5810175538063049
0,0.12146464735269547
0,0.15411143004894257
0,0.13802742958068848
0,0.1094660609960556
0,0.2502053380012512
0,0.15941810607910156
0,0.4729740619659424
0,0.6645899415016174
0,0.7901989221572876
0,0.17515720427036285
0,0.4992905855178833
0,0.45427969098091125
0,0.593340277671814
1,0.84978848695755
0,0.37943026423454285
1,0.7748191952705383
0,0.24374260008335114
1,0.8305457830429077
0,0.6385676860809326
1,0.32705557346343994
1,0.5692171454429626
1,0.7671540379524231
0,0.15433776378631592
1,0.7783570289611816
1,0.3490675091743469
0,0.24956071376800537
1,0.7133409976959229
1,0.8090915083885193
0,0.20023661851882935
0,0.15557987987995148
0,0.4637431800365448
1,0.32743769884109497
1,0.7190777659416199
1,0.7407212853431702
1,0.8254057168960571
1,0.23106995224952698
0,0.5563046932220459
0,0.19019842147827148
1,0.17586718499660492
1,0.7680234909057617
1,0.8226907849311829
0,0.17301076650619507
0,0.24223951995372772
0,0.18692423403263092
0,0.22087779641151428
1,0.5652346014976501
1,0.8491398096084595
1,0.763279378414154
1,0.7841274738311768
1,0.783072829246521
1,0.36821290850639343
1,0.8434096574783325
0,0.20084038376808167
1,0.1990547776222229
0,0.706949770450592
1,0.4145231246948242
1,0.7881816625595093
1,0.43457603454589844
1,0.7309592366218567
1,0.8259140253067017
1,0.6743133068084717
1,0.7264931797981262
1,0.5990536212921143
1,0.647436261177063
0,0.7647220492362976
1,0.3781374990940094
0,0.35009142756462097
1,0.6184821724891663
1,0.2881637215614319
0,0.1695774495601654
1,0.8209315538406372
0,0.275643914937973
0,0.2646946310997009
0,0.17469055950641632
0,0.16477859020233154
0,0.1722439080476761
0,0.4604768455028534
0,0.17976027727127075
0,0.19193406403064728
0,0.19863836467266083
